dteday,season,yr,mnth,holiday,weekday,workingday,weathersit,temp,atemp,hum,windspeed,casual,registered,cnt
2011-01-01,1,0,1,0,5,1,1,0.0939,0.7327,0.322,0.2203,369,2762,3520
2011-01-02,1,0,1,0,6,0,1,0.5746,0.5819,0.2244,0.3757,461,4857,5445
2011-01-03,1,0,1,0,0,1,2,0.5373,0.6173,0.3375,0.0685,953,1263,4767
2011-01-04,1,0,1,1,1,1,3,0.5934,0.7902,0.7197,0.3902,262,2867,5223
2011-01-05,1,0,1,0,2,0,1,0.6739,0.7956,0.2542,0.0741,226,3908,1485
2011-01-06,1,0,1,0,3,1,3,0.883,0.4948,0.6229,0.4681,447,2184,2058
2011-01-07,1,0,1,0,4,1,1,0.7585,0.4514,0.3042,0.1554,785,4964,4395
2011-01-08,1,0,1,0,5,1,1,0.2265,0.3282,0.3426,0.302,991,1369,3755
2011-01-09,1,0,1,1,6,0,1,0.7963,0.621,0.4966,0.0774,277,3233,4010
2011-01-10,1,0,1,0,0,1,3,0.1348,0.4844,0.2686,0.1521,604,1413,4624
2011-01-11,1,0,1,0,1,1,1,0.6049,0.7883,0.3251,0.2179,54,3631,1162
2011-01-12,1,0,1,0,2,1,2,0.8498,0.2537,0.4622,0.2587,148,2130,4626
2011-01-13,1,0,1,0,3,0,1,0.1151,0.3089,0.4471,0.02,449,1042,3571
2011-01-14,1,0,1,0,4,1,2,0.8187,0.3134,0.7744,0.4554,719,2703,944
2011-01-15,1,0,1,0,5,1,3,0.7707,0.6906,0.2483,0.0238,338,3435,5725
2011-01-16,1,0,1,0,6,0,1,0.4935,0.1463,0.8612,0.3991,114,1251,3316
2011-01-17,1,0,1,0,0,1,2,0.3104,0.4208,0.8267,0.2506,239,2611,3278
2011-01-18,1,0,1,0,1,1,3,0.4011,0.3992,0.7875,0.2767,320,920,2272
2011-01-19,1,0,1,0,2,0,1,0.9305,0.1263,0.4313,0.1221,656,2870,3727
2011-01-20,1,0,1,0,3,1,2,0.2096,0.3863,0.8318,0.3176,204,1986,5493
2011-01-21,1,0,1,0,4,1,1,0.5648,0.4653,0.3326,0.2832,56,1046,4553
2011-01-22,1,0,1,1,5,0,1,0.0982,0.1201,0.287,0.1005,794,3057,1719
2011-01-23,1,0,1,0,6,0,2,0.2248,0.4626,0.2251,0.1367,641,2071,2512
2011-01-24,1,0,1,0,0,1,2,0.7375,0.8086,0.9227,0.0528,419,953,3602
2011-01-25,1,0,1,0,1,1,1,0.3044,0.8238,0.4302,0.0525,709,3191,2862
2011-01-26,1,0,1,0,2,0,1,0.9466,0.4794,0.9057,0.0268,161,2257,1342
2011-01-27,1,0,1,0,3,1,3,0.4908,0.4666,0.4026,0.128,153,4869,4753
2011-01-28,1,0,1,0,4,1,2,0.5055,0.2898,0.8979,0.353,464,559,5601
2011-01-29,1,0,1,0,5,1,1,0.0541,0.8378,0.8951,0.1749,680,4937,3052
2011-01-30,1,0,1,0,6,1,2,0.9191,0.2812,0.9105,0.1879,925,1917,5903
2011-01-31,1,0,1,0,0,1,1,0.1838,0.4187,0.577,0.0846,307,2660,3368
2011-02-01,1,0,2,0,1,0,1,0.526,0.0723,0.8654,0.302,921,1838,1382
2011-02-02,1,0,2,0,2,1,2,0.3919,0.3389,0.9316,0.1877,277,966,696
2011-02-03,1,0,2,0,3,1,2,0.4106,0.125,0.4432,0.3514,58,2810,1186
2011-02-04,1,0,2,0,4,0,1,0.6247,0.6427,0.5167,0.3833,324,2971,5807
2011-02-05,1,0,2,0,5,0,2,0.6424,0.502,0.751,0.3065,302,1219,5782
2011-02-06,1,0,2,0,6,0,1,0.165,0.5106,0.4243,0.1553,843,1735,5236
2011-02-07,1,0,2,0,0,1,2,0.4896,0.2906,0.778,0.2692,545,1062,5511
2011-02-08,1,0,2,0,1,0,1,0.763,0.6975,0.2476,0.1434,426,1482,2838
2011-02-09,1,0,2,0,2,1,1,0.4367,0.0725,0.5983,0.4624,378,3466,1516
2011-02-10,1,0,2,0,3,1,1,0.1759,0.3269,0.2854,0.3955,905,2835,3949
2011-02-11,1,0,2,0,4,0,2,0.3144,0.5778,0.4188,0.2616,397,2230,3186
2011-02-12,1,0,2,0,5,1,1,0.2196,0.7691,0.3917,0.4931,488,4839,4780
2011-02-13,1,0,2,0,6,0,1,0.1383,0.2507,0.8444,0.2879,892,3547,3088
2011-02-14,1,0,2,0,0,0,1,0.3749,0.4866,0.3409,0.181,966,1857,4393
2011-02-15,1,0,2,0,1,1,2,0.5285,0.4843,0.8206,0.0668,300,2875,3437
2011-02-16,1,0,2,0,2,1,1,0.0884,0.7431,0.8093,0.2864,584,3262,2986
2011-02-17,1,0,2,0,3,1,2,0.5876,0.1089,0.5791,0.4416,30,2285,2441
2011-02-18,1,0,2,0,4,1,1,0.9534,0.3968,0.3724,0.4447,694,2462,1802
2011-02-19,1,0,2,0,5,1,2,0.9263,0.2105,0.367,0.3162,714,1688,5966
2011-02-20,1,0,2,0,6,0,3,0.7994,0.0866,0.5526,0.2128,205,3178,5699
2011-02-21,1,0,2,0,0,0,2,0.2704,0.1832,0.1969,0.3386,983,3507,5369
2011-02-22,1,0,2,0,1,1,2,0.0411,0.8219,0.6045,0.3934,568,3623,1329
2011-02-23,1,0,2,0,2,0,2,0.8035,0.2354,0.9332,0.2217,992,3643,916
2011-02-24,1,0,2,0,3,1,3,0.0724,0.79,0.3107,0.2534,28,3300,675
2011-02-25,1,0,2,0,4,0,1,0.2133,0.228,0.6372,0.3535,47,823,5669
2011-02-26,1,0,2,0,5,1,2,0.5318,0.7871,0.9402,0.4496,842,4183,3646
2011-02-27,1,0,2,0,6,1,3,0.1877,0.5741,0.8612,0.4076,705,2702,803
2011-02-28,1,0,2,1,0,0,1,0.8038,0.1572,0.8533,0.031,483,2294,4888
2011-03-01,1,0,3,0,1,1,1,0.7505,0.5181,0.831,0.0809,658,2748,4375
2011-03-02,1,0,3,0,2,1,3,0.7304,0.3153,0.431,0.4379,530,2842,3544
2011-03-03,1,0,3,0,3,0,2,0.7872,0.365,0.8847,0.4286,521,3893,4955
2011-03-04,1,0,3,0,4,1,1,0.2265,0.4089,0.9242,0.2105,601,3900,3651
2011-03-05,1,0,3,0,5,0,2,0.7052,0.3955,0.5767,0.3063,814,2475,3263
2011-03-06,1,0,3,0,6,0,1,0.354,0.5814,0.4666,0.4639,797,3545,1031
2011-03-07,1,0,3,0,0,0,1,0.6468,0.6616,0.5131,0.4667,682,1807,3363
2011-03-08,1,0,3,0,1,1,2,0.1347,0.3235,0.4507,0.4037,680,1955,5391
2011-03-09,1,0,3,0,2,0,2,0.6833,0.7818,0.3557,0.1227,237,1462,3762
2011-03-10,1,0,3,0,3,0,2,0.9338,0.7926,0.6724,0.3778,448,2217,797
2011-03-11,1,0,3,0,4,1,1,0.061,0.1013,0.6288,0.0695,657,2929,5678
2011-03-12,1,0,3,0,5,1,2,0.1082,0.0815,0.5508,0.458,22,3039,638
2011-03-13,1,0,3,0,6,1,1,0.1362,0.3973,0.2648,0.0931,206,4118,3118
2011-03-14,1,0,3,0,0,0,2,0.4247,0.5248,0.8116,0.3446,62,2878,2726
2011-03-15,1,0,3,0,1,1,1,0.2933,0.284,0.3264,0.319,630,1374,1328
2011-03-16,1,0,3,0,2,1,1,0.7785,0.2697,0.2794,0.4007,794,4170,4499
2011-03-17,1,0,3,0,3,1,3,0.4654,0.5923,0.676,0.2903,430,2705,3765
2011-03-18,1,0,3,0,4,0,1,0.4755,0.5333,0.5009,0.0492,209,1639,5379
2011-03-19,1,0,3,0,5,1,2,0.694,0.1987,0.2367,0.3659,61,4091,4827
2011-03-20,1,0,3,0,6,1,1,0.3603,0.7511,0.4673,0.2077,116,3173,2724
2011-03-21,1,0,3,0,0,1,1,0.352,0.5936,0.792,0.1769,791,2045,4734
2011-03-22,1,0,3,0,1,0,1,0.7315,0.3492,0.6699,0.5059,749,3343,4371
2011-03-23,1,0,3,0,2,0,2,0.7532,0.5964,0.473,0.3093,977,765,3857
2011-03-24,1,0,3,0,3,1,1,0.0335,0.1567,0.3396,0.3683,667,601,3806
2011-03-25,1,0,3,0,4,1,2,0.1552,0.4306,0.6828,0.2779,871,3256,5988
2011-03-26,1,0,3,0,5,0,2,0.2203,0.2001,0.8823,0.3973,676,4473,3198
2011-03-27,1,0,3,0,6,0,1,0.3505,0.1019,0.6941,0.3885,536,2034,5035
2011-03-28,1,0,3,0,0,0,2,0.294,0.3305,0.8241,0.342,978,2769,3913
2011-03-29,1,0,3,0,1,1,1,0.6484,0.1861,0.5968,0.5089,900,3462,1844
2011-03-30,1,0,3,0,2,1,3,0.7984,0.5578,0.75,0.2453,924,2983,4687
2011-03-31,1,0,3,0,3,1,1,0.2006,0.589,0.8891,0.366,155,1713,1257
2011-04-01,2,0,4,0,4,0,1,0.5492,0.1845,0.7931,0.4109,529,3492,3565
2011-04-02,2,0,4,0,5,1,1,0.3657,0.089,0.8997,0.2043,538,4929,2299
2011-04-03,2,0,4,0,6,1,2,0.4954,0.6805,0.5263,0.244,56,1406,5056
2011-04-04,2,0,4,0,0,1,2,0.6035,0.0716,0.8953,0.4949,842,2081,3643
2011-04-05,2,0,4,0,1,1,3,0.86,0.3348,0.6748,0.0358,598,2104,5024
2011-04-06,2,0,4,0,2,0,3,0.2008,0.4508,0.8686,0.1843,923,1069,2399
2011-04-07,2,0,4,0,3,1,1,0.1018,0.7004,0.2207,0.2582,856,2045,5941
2011-04-08,2,0,4,0,4,0,1,0.6096,0.7157,0.7031,0.0207,536,1408,5135
2011-04-09,2,0,4,0,5,1,2,0.3905,0.6282,0.8514,0.4606,804,4962,4226
2011-04-10,2,0,4,0,6,1,3,0.1731,0.2603,0.3259,0.1603,898,4583,4577
2011-04-11,2,0,4,0,0,0,1,0.1301,0.6245,0.7062,0.1463,77,3840,2576
2011-04-12,2,0,4,0,1,1,1,0.5454,0.2598,0.8335,0.422,978,2925,5528
2011-04-13,2,0,4,0,2,1,3,0.3024,0.2352,0.4146,0.1562,174,3718,4269
2011-04-14,2,0,4,0,3,1,1,0.9576,0.4913,0.5061,0.3422,891,2665,4792
2011-04-15,2,0,4,0,4,1,2,0.4015,0.5927,0.6342,0.4225,132,1513,1537
2011-04-16,2,0,4,0,5,0,3,0.2195,0.1108,0.595,0.4083,479,3706,1889
2011-04-17,2,0,4,0,6,1,2,0.6111,0.1162,0.2206,0.4032,623,2372,5270
2011-04-18,2,0,4,0,0,1,1,0.2496,0.6738,0.267,0.0634,855,705,2750
2011-04-19,2,0,4,0,1,1,1,0.4844,0.7318,0.2684,0.0591,775,1315,5524
2011-04-20,2,0,4,0,2,1,1,0.4736,0.5354,0.3946,0.1703,815,565,1112
2011-04-21,2,0,4,0,3,0,3,0.4463,0.4002,0.3818,0.0376,620,4545,5361
2011-04-22,2,0,4,0,4,0,4,0.7683,0.7209,0.7689,0.2652,461,2551,2116
2011-04-23,2,0,4,0,5,1,2,0.2236,0.6312,0.6367,0.2134,709,502,5980
2011-04-24,2,0,4,0,6,1,2,0.87,0.5163,0.7859,0.2929,247,824,2682
2011-04-25,2,0,4,0,0,1,1,0.7639,0.3162,0.2445,0.1664,893,1104,2004
2011-04-26,2,0,4,1,1,1,2,0.3331,0.2225,0.5685,0.258,598,3082,5092
2011-04-27,2,0,4,0,2,1,1,0.1898,0.3924,0.4425,0.184,141,3146,2531
2011-04-28,2,0,4,0,3,1,2,0.2828,0.2909,0.853,0.1157,690,3622,2485
2011-04-29,2,0,4,0,4,1,2,0.3327,0.3312,0.7421,0.3382,376,3614,2953
2011-04-30,2,0,4,0,5,1,2,0.5435,0.467,0.868,0.35,287,3775,4407
2011-05-01,2,0,5,0,6,1,3,0.0636,0.2002,0.2262,0.4263,714,846,3346
2011-05-02,2,0,5,0,0,1,1,0.8795,0.6908,0.7522,0.4486,504,4654,1180
2011-05-03,2,0,5,0,1,0,2,0.1128,0.1821,0.6112,0.3652,888,3227,2812
2011-05-04,2,0,5,0,2,0,1,0.2825,0.4404,0.8335,0.3569,23,3058,3929
2011-05-05,2,0,5,0,3,0,2,0.1227,0.6444,0.5856,0.0478,497,3889,701
2011-05-06,2,0,5,0,4,0,2,0.2613,0.4435,0.6114,0.0738,140,3943,5150
2011-05-07,2,0,5,0,5,0,1,0.8074,0.348,0.2304,0.4182,761,2754,4888
2011-05-08,2,0,5,0,6,1,1,0.5983,0.4357,0.7114,0.1341,829,610,4442
2011-05-09,2,0,5,0,0,1,1,0.2337,0.7235,0.403,0.1942,505,522,3563
2011-05-10,2,0,5,0,1,1,1,0.8395,0.8326,0.2054,0.0912,238,4316,5593
2011-05-11,2,0,5,0,2,1,2,0.7727,0.556,0.2418,0.1156,713,2463,5505
2011-05-12,2,0,5,0,3,1,1,0.7284,0.681,0.9367,0.4,297,2207,898
2011-05-13,2,0,5,0,4,0,2,0.8168,0.0812,0.4599,0.1483,276,3582,4716
2011-05-14,2,0,5,0,5,1,1,0.6025,0.7479,0.8671,0.24,323,4315,644
2011-05-15,2,0,5,0,6,1,2,0.4914,0.8046,0.9385,0.0943,62,1246,3143
2011-05-16,2,0,5,0,0,1,2,0.3715,0.5129,0.9257,0.3522,889,1014,4459
2011-05-17,2,0,5,0,1,0,1,0.2303,0.6504,0.8777,0.3769,935,3539,5378
2011-05-18,2,0,5,0,2,1,2,0.544,0.4648,0.888,0.1972,549,3356,4994
2011-05-19,2,0,5,0,3,1,2,0.8561,0.2904,0.4154,0.4045,729,2841,4152
2011-05-20,2,0,5,0,4,0,1,0.5783,0.7262,0.3081,0.1376,708,824,3755
2011-05-21,2,0,5,0,5,1,2,0.8844,0.5296,0.6886,0.359,607,3862,3731
2011-05-22,2,0,5,0,6,0,1,0.3555,0.5161,0.5707,0.3777,932,3990,887
2011-05-23,2,0,5,0,0,1,1,0.6734,0.5775,0.267,0.4946,712,3007,4305
2011-05-24,2,0,5,0,1,1,2,0.6297,0.7291,0.7185,0.1338,169,3678,1116
2011-05-25,2,0,5,0,2,1,1,0.6502,0.6336,0.629,0.0659,613,3824,2801
2011-05-26,2,0,5,0,3,0,2,0.6263,0.2326,0.8632,0.1489,29,2062,5037
2011-05-27,2,0,5,0,4,0,1,0.2284,0.4295,0.6652,0.0802,811,2044,4781
2011-05-28,2,0,5,0,5,1,1,0.155,0.8248,0.6377,0.1032,231,3729,4258
2011-05-29,2,0,5,0,6,0,2,0.9399,0.497,0.5338,0.1837,671,1025,4886
2011-05-30,2,0,5,0,0,1,2,0.0626,0.7924,0.551,0.2229,279,2249,3923
2011-05-31,2,0,5,0,1,1,2,0.4597,0.6963,0.9344,0.4628,957,1340,4676
2011-06-01,2,0,6,0,2,1,1,0.4196,0.5828,0.298,0.1159,401,2765,5787
2011-06-02,2,0,6,0,3,0,2,0.3584,0.339,0.5381,0.4962,408,1212,4536
2011-06-03,2,0,6,0,4,1,3,0.7551,0.3043,0.7015,0.417,941,566,1769
2011-06-04,2,0,6,0,5,1,2,0.7206,0.5654,0.5277,0.4519,759,1260,1590
2011-06-05,2,0,6,0,6,1,2,0.8709,0.4031,0.4109,0.4754,974,964,5571
2011-06-06,2,0,6,0,0,1,2,0.3918,0.685,0.4141,0.3891,977,4691,4305
2011-06-07,2,0,6,0,1,1,1,0.5503,0.6556,0.3723,0.4065,355,3689,2451
2011-06-08,2,0,6,0,2,0,1,0.8588,0.3103,0.4582,0.2345,24,1967,3309
2011-06-09,2,0,6,0,3,0,1,0.9542,0.6111,0.8699,0.2701,941,3260,4607
2011-06-10,2,0,6,0,4,1,3,0.9311,0.4508,0.5841,0.4769,102,4956,3221
2011-06-11,2,0,6,0,5,0,1,0.6948,0.3189,0.3774,0.2053,25,1893,5974
2011-06-12,2,0,6,0,6,1,2,0.1546,0.388,0.4899,0.0406,171,4193,2778
2011-06-13,2,0,6,0,0,1,1,0.0418,0.7594,0.2725,0.3937,754,4807,1438
2011-06-14,2,0,6,0,1,1,2,0.7957,0.3468,0.8951,0.3008,200,2199,5654
2011-06-15,2,0,6,0,2,0,1,0.8105,0.2913,0.5084,0.4193,794,1620,2155
2011-06-16,2,0,6,0,3,1,2,0.7216,0.3409,0.9547,0.057,797,2071,1822
2011-06-17,2,0,6,0,4,1,1,0.2831,0.2353,0.4611,0.3244,186,1228,5534
2011-06-18,2,0,6,0,5,0,3,0.6214,0.4894,0.8424,0.1414,489,4004,2643
2011-06-19,2,0,6,0,6,0,2,0.3173,0.1835,0.39,0.4626,97,1115,2033
2011-06-20,2,0,6,0,0,1,2,0.4436,0.6994,0.2494,0.0739,431,870,1768
2011-06-21,2,0,6,0,1,1,1,0.3795,0.2437,0.2148,0.4331,573,3964,1547
2011-06-22,2,0,6,0,2,0,1,0.8788,0.5305,0.6628,0.0634,593,1447,760
2011-06-23,2,0,6,0,3,0,3,0.2401,0.1663,0.433,0.0323,400,1619,5159
2011-06-24,2,0,6,0,4,0,1,0.563,0.8234,0.5359,0.1352,967,1955,3731
2011-06-25,2,0,6,0,5,1,1,0.3593,0.42,0.8285,0.1832,809,3048,3227
2011-06-26,2,0,6,0,6,1,2,0.6433,0.7031,0.3835,0.327,332,2922,5911
2011-06-27,2,0,6,0,0,1,1,0.5507,0.6619,0.4307,0.0845,883,4111,3135
2011-06-28,2,0,6,0,1,1,1,0.8885,0.6195,0.8494,0.2343,414,3046,2872
2011-06-29,2,0,6,0,2,1,2,0.1155,0.7071,0.5744,0.1201,929,1840,4063
2011-06-30,2,0,6,0,3,1,1,0.2274,0.1474,0.8356,0.4391,562,4345,5404
2011-07-01,3,0,7,0,4,0,1,0.7404,0.5924,0.4821,0.042,23,2018,760
2011-07-02,3,0,7,0,5,1,2,0.3667,0.2747,0.5007,0.1944,128,2459,2384
2011-07-03,3,0,7,0,6,0,1,0.1758,0.6751,0.3204,0.3294,937,1210,2544
2011-07-04,3,0,7,0,0,1,2,0.4931,0.8068,0.9047,0.4674,905,1073,3782
2011-07-05,3,0,7,0,1,0,1,0.633,0.7641,0.8895,0.4453,112,3343,4574
2011-07-06,3,0,7,0,2,0,2,0.0621,0.1585,0.9577,0.4586,118,1007,4224
2011-07-07,3,0,7,0,3,0,1,0.2941,0.3546,0.5039,0.0508,211,2722,4344
2011-07-08,3,0,7,0,4,1,1,0.7809,0.3505,0.8285,0.4321,352,1794,1366
2011-07-09,3,0,7,0,5,1,1,0.509,0.1642,0.5137,0.4022,231,2197,2627
2011-07-10,3,0,7,0,6,1,1,0.0533,0.1456,0.5444,0.4622,614,1287,4606
2011-07-11,3,0,7,0,0,1,2,0.285,0.3664,0.8374,0.1727,226,4289,784
2011-07-12,3,0,7,0,1,1,1,0.6208,0.8339,0.3283,0.4668,646,2733,2496
2011-07-13,3,0,7,0,2,1,2,0.2074,0.5081,0.3618,0.2173,783,1086,3895
2011-07-14,3,0,7,0,3,0,3,0.7977,0.5488,0.4355,0.3307,999,3665,3004
2011-07-15,3,0,7,0,4,1,2,0.656,0.4327,0.8048,0.2278,592,4150,3139
2011-07-16,3,0,7,0,5,0,1,0.4631,0.58,0.4807,0.2295,375,3749,1332
2011-07-17,3,0,7,0,6,1,1,0.8807,0.8066,0.4694,0.2879,921,3201,2221
2011-07-18,3,0,7,0,0,1,3,0.3883,0.5233,0.9691,0.1944,272,4536,1177
2011-07-19,3,0,7,0,1,1,2,0.241,0.1201,0.4894,0.4084,610,1055,2761
2011-07-20,3,0,7,0,2,0,2,0.6417,0.4495,0.3833,0.3305,215,2209,977
2011-07-21,3,0,7,1,3,1,1,0.5589,0.8344,0.6761,0.358,281,4475,4448
2011-07-22,3,0,7,0,4,1,2,0.3351,0.3683,0.8155,0.1332,341,4890,1908
2011-07-23,3,0,7,0,5,1,2,0.343,0.5273,0.2443,0.4951,439,3807,4792
2011-07-24,3,0,7,0,6,1,1,0.3943,0.1521,0.6727,0.3435,517,2010,1441
2011-07-25,3,0,7,0,0,0,2,0.2937,0.1787,0.2179,0.1166,930,3086,2771
2011-07-26,3,0,7,0,1,1,1,0.6876,0.7435,0.6005,0.3877,351,4046,755
2011-07-27,3,0,7,0,2,0,1,0.6323,0.3013,0.3905,0.1051,315,4576,4748
2011-07-28,3,0,7,0,3,1,2,0.4343,0.3052,0.4292,0.0511,255,4006,2302
2011-07-29,3,0,7,0,4,1,1,0.394,0.3682,0.5543,0.2785,700,4843,3235
2011-07-30,3,0,7,0,5,1,2,0.3631,0.8142,0.9131,0.2912,26,4133,3985
2011-07-31,3,0,7,0,6,1,1,0.2865,0.135,0.7443,0.1126,553,2906,5421
2011-08-01,3,0,8,0,0,1,1,0.1006,0.7004,0.9207,0.1907,91,1961,2013
2011-08-02,3,0,8,0,1,1,2,0.2721,0.333,0.7048,0.4834,519,2671,644
2011-08-03,3,0,8,0,2,0,4,0.3219,0.7241,0.1955,0.1597,637,902,5631
2011-08-04,3,0,8,0,3,1,1,0.5348,0.8337,0.3972,0.0962,158,783,2286
2011-08-05,3,0,8,0,4,1,1,0.7474,0.3385,0.8965,0.5064,405,740,5836
2011-08-06,3,0,8,0,5,1,2,0.392,0.1696,0.6919,0.1681,561,4762,2769
2011-08-07,3,0,8,0,6,0,1,0.9081,0.1812,0.9557,0.3533,343,2695,3841
2011-08-08,3,0,8,0,0,0,1,0.7977,0.6542,0.3117,0.1335,968,1200,3325
2011-08-09,3,0,8,0,1,1,1,0.9457,0.1816,0.4215,0.2896,620,3170,2023
2011-08-10,3,0,8,0,2,1,1,0.8436,0.2705,0.4726,0.2093,936,2419,4614
2011-08-11,3,0,8,0,3,0,1,0.5997,0.2274,0.4447,0.4912,684,4860,5195
2011-08-12,3,0,8,0,4,1,1,0.5826,0.3439,0.3866,0.2321,92,3048,673
2011-08-13,3,0,8,0,5,1,1,0.1418,0.1273,0.5359,0.3062,859,2826,3618
2011-08-14,3,0,8,0,6,1,2,0.6991,0.7297,0.691,0.4829,408,3296,2160
2011-08-15,3,0,8,0,0,0,1,0.5842,0.7323,0.4328,0.5047,257,2706,1491
2011-08-16,3,0,8,1,1,1,3,0.4965,0.388,0.2522,0.0698,341,2110,3732
2011-08-17,3,0,8,0,2,1,2,0.6717,0.5413,0.7427,0.4288,360,987,2489
2011-08-18,3,0,8,0,3,1,1,0.4374,0.5643,0.548,0.2072,782,964,5773
2011-08-19,3,0,8,0,4,1,3,0.5124,0.6469,0.6241,0.3115,324,4823,1846
2011-08-20,3,0,8,0,5,0,1,0.3945,0.4709,0.5452,0.2038,27,1165,4402
2011-08-21,3,0,8,0,6,1,1,0.6943,0.463,0.8845,0.2165,226,1989,1072
2011-08-22,3,0,8,0,0,1,1,0.844,0.5561,0.6258,0.0978,430,1298,2817
2011-08-23,3,0,8,0,1,1,2,0.8104,0.6113,0.9102,0.3007,277,3300,1300
2011-08-24,3,0,8,0,2,1,2,0.7589,0.337,0.5882,0.2879,815,3798,2679
2011-08-25,3,0,8,0,3,0,1,0.033,0.3244,0.4182,0.1128,670,3740,652
2011-08-26,3,0,8,0,4,1,1,0.8772,0.2777,0.4672,0.2854,65,3855,3587
2011-08-27,3,0,8,0,5,1,2,0.2784,0.4926,0.5973,0.4968,145,4429,738
2011-08-28,3,0,8,0,6,1,1,0.8547,0.3473,0.6034,0.3701,40,4857,1997
2011-08-29,3,0,8,0,0,0,1,0.2052,0.486,0.7261,0.2557,189,4373,2737
2011-08-30,3,0,8,0,1,0,2,0.4333,0.3826,0.3651,0.4689,563,1359,1427
2011-08-31,3,0,8,0,2,1,2,0.7244,0.7143,0.7039,0.3019,435,863,2683
2011-09-01,3,0,9,0,3,0,1,0.6219,0.1263,0.7973,0.0862,474,4432,3576
2011-09-02,3,0,9,0,4,1,1,0.411,0.5106,0.7177,0.2883,681,2645,1848
2011-09-03,3,0,9,0,5,0,2,0.6579,0.5132,0.5658,0.1087,225,3331,5249
2011-09-04,3,0,9,0,6,1,1,0.536,0.3655,0.9635,0.3961,352,4072,5435
2011-09-05,3,0,9,0,0,1,2,0.2792,0.3942,0.5058,0.4939,40,1415,4964
2011-09-06,3,0,9,0,1,1,3,0.6275,0.6861,0.2731,0.1968,937,2274,5605
2011-09-07,3,0,9,0,2,1,2,0.212,0.2861,0.8308,0.2331,821,3865,785
2011-09-08,3,0,9,0,3,1,1,0.6723,0.741,0.3555,0.2265,669,650,4042
2011-09-09,3,0,9,0,4,1,1,0.0229,0.7602,0.7464,0.1598,84,3720,5564
2011-09-10,3,0,9,0,5,1,1,0.5358,0.571,0.3296,0.4091,596,3521,3793
2011-09-11,3,0,9,0,6,1,3,0.397,0.6651,0.2032,0.3227,107,4737,5528
2011-09-12,3,0,9,0,0,1,3,0.3049,0.542,0.3146,0.0514,854,4317,2012
2011-09-13,3,0,9,0,1,1,1,0.5048,0.4744,0.4841,0.431,498,1570,3788
2011-09-14,3,0,9,0,2,1,2,0.6266,0.8143,0.2732,0.1117,62,3943,3516
2011-09-15,3,0,9,0,3,1,2,0.9274,0.2876,0.3442,0.4998,902,4689,1615
2011-09-16,3,0,9,0,4,0,1,0.8031,0.1887,0.7864,0.2046,956,1260,5137
2011-09-17,3,0,9,0,5,0,1,0.6941,0.2914,0.7905,0.3221,160,4951,4734
2011-09-18,3,0,9,0,6,0,1,0.4702,0.5433,0.8276,0.0581,393,3239,4861
2011-09-19,3,0,9,0,0,0,1,0.3886,0.2126,0.8461,0.1889,535,2517,2535
2011-09-20,3,0,9,0,1,1,3,0.0506,0.7698,0.5179,0.4132,519,1416,2068
2011-09-21,3,0,9,0,2,1,3,0.3576,0.3865,0.8667,0.2538,298,4443,5138
2011-09-22,3,0,9,0,3,1,1,0.8175,0.7245,0.6002,0.4633,345,3960,5026
2011-09-23,3,0,9,0,4,0,1,0.381,0.2619,0.5571,0.3018,437,1992,5688
2011-09-24,3,0,9,0,5,1,1,0.4539,0.3111,0.7505,0.475,572,4121,1958
2011-09-25,3,0,9,0,6,1,2,0.2755,0.1156,0.3568,0.5015,933,1226,5831
2011-09-26,3,0,9,0,0,1,2,0.2777,0.2685,0.8058,0.2424,907,2109,2369
2011-09-27,3,0,9,0,1,1,2,0.0782,0.4475,0.525,0.2969,621,1439,3361
2011-09-28,3,0,9,1,2,1,2,0.597,0.7985,0.2893,0.4291,787,587,3482
2011-09-29,3,0,9,0,3,1,1,0.4412,0.3695,0.2831,0.1286,948,1062,1789
2011-09-30,3,0,9,0,4,0,2,0.5896,0.5626,0.3186,0.4422,940,1768,1792
2011-10-01,4,0,10,0,5,0,4,0.5341,0.3993,0.8846,0.31,327,1990,3416
2011-10-02,4,0,10,0,6,1,1,0.7709,0.106,0.9629,0.3755,676,3579,4221
2011-10-03,4,0,10,0,0,1,2,0.726,0.4577,0.4684,0.0591,326,2072,5456
2011-10-04,4,0,10,0,1,0,1,0.7452,0.1208,0.4179,0.3954,918,3671,5817
2011-10-05,4,0,10,1,2,0,2,0.4893,0.7504,0.3606,0.1723,842,3300,1642
2011-10-06,4,0,10,0,3,1,2,0.3526,0.6498,0.8326,0.4146,489,3913,5843
2011-10-07,4,0,10,0,4,1,2,0.8974,0.3616,0.3532,0.2695,203,1757,825
2011-10-08,4,0,10,0,5,1,3,0.071,0.563,0.9108,0.1546,650,2919,2578
2011-10-09,4,0,10,0,6,1,1,0.1635,0.1563,0.7105,0.4869,644,1643,4577
2011-10-10,4,0,10,0,0,1,2,0.4144,0.611,0.8898,0.3949,310,4774,5736
2011-10-11,4,0,10,0,1,0,1,0.5971,0.7035,0.6221,0.503,268,3665,4431
2011-10-12,4,0,10,0,2,1,2,0.0277,0.7027,0.7287,0.1986,343,3114,3244
2011-10-13,4,0,10,0,3,0,1,0.6962,0.2889,0.6732,0.3381,462,1247,2483
2011-10-14,4,0,10,0,4,1,2,0.5452,0.2731,0.8383,0.3197,623,3989,1140
2011-10-15,4,0,10,0,5,1,1,0.4756,0.4715,0.842,0.3569,78,3133,1245
2011-10-16,4,0,10,1,6,0,1,0.4181,0.8152,0.65,0.0388,288,3988,5685
2011-10-17,4,0,10,0,0,1,1,0.5083,0.7788,0.6834,0.1629,337,2347,5401
2011-10-18,4,0,10,0,1,1,3,0.1721,0.3469,0.9091,0.4656,113,4525,5326
2011-10-19,4,0,10,0,2,0,1,0.1222,0.6705,0.9153,0.2277,273,1645,4886
2011-10-20,4,0,10,0,3,0,1,0.2923,0.7794,0.7081,0.4907,706,2604,2288
2011-10-21,4,0,10,0,4,1,1,0.6869,0.2709,0.196,0.1246,479,4356,1454
2011-10-22,4,0,10,0,5,1,1,0.573,0.7093,0.2714,0.5087,534,3268,1004
2011-10-23,4,0,10,0,6,1,1,0.4713,0.2763,0.8592,0.3618,552,4559,3943
2011-10-24,4,0,10,0,0,1,2,0.5572,0.3343,0.2561,0.4004,123,2308,3077
2011-10-25,4,0,10,0,1,1,1,0.5457,0.2231,0.3565,0.2145,852,909,1119
2011-10-26,4,0,10,0,2,1,2,0.3086,0.4605,0.3698,0.4644,421,1145,3540
2011-10-27,4,0,10,0,3,1,1,0.1116,0.7193,0.6582,0.2873,800,4420,2007
2011-10-28,4,0,10,0,4,1,1,0.863,0.4766,0.6398,0.3537,986,2051,1420
2011-10-29,4,0,10,0,5,1,2,0.5839,0.165,0.4157,0.0665,352,1613,4274
2011-10-30,4,0,10,0,6,1,1,0.6759,0.2639,0.3519,0.3295,740,4087,5130
2011-10-31,4,0,10,0,0,0,1,0.4562,0.5034,0.7863,0.4507,896,561,4435
2011-11-01,4,0,11,0,1,0,1,0.7311,0.5191,0.9197,0.1074,627,1735,4667
2011-11-02,4,0,11,0,2,0,1,0.5694,0.5142,0.2312,0.3815,112,4843,3887
2011-11-03,4,0,11,0,3,1,2,0.0706,0.1293,0.2939,0.0324,576,2227,2781
2011-11-04,4,0,11,0,4,1,2,0.8567,0.6503,0.6909,0.4738,593,3466,5314
2011-11-05,4,0,11,0,5,1,2,0.3072,0.7703,0.8175,0.5016,561,3860,3832
2011-11-06,4,0,11,0,6,1,1,0.1496,0.4631,0.8071,0.1935,990,1912,1024
2011-11-07,4,0,11,0,0,1,1,0.1028,0.6235,0.7514,0.0725,801,4084,2151
2011-11-08,4,0,11,0,1,1,1,0.6972,0.7738,0.8822,0.3427,456,2233,957
2011-11-09,4,0,11,0,2,0,2,0.6817,0.5648,0.3595,0.0346,29,4130,4046
2011-11-10,4,0,11,0,3,1,2,0.6782,0.5892,0.2737,0.2564,475,4369,2194
2011-11-11,4,0,11,0,4,1,1,0.8808,0.6255,0.67,0.1532,434,2991,5728
2011-11-12,4,0,11,0,5,0,2,0.348,0.2706,0.8314,0.2519,537,2539,1610
2011-11-13,4,0,11,0,6,1,1,0.5475,0.5187,0.644,0.029,998,1807,796
2011-11-14,4,0,11,0,0,1,3,0.6023,0.7185,0.9411,0.0453,394,4512,5836
2011-11-15,4,0,11,0,1,0,1,0.9407,0.298,0.8105,0.0278,550,2224,1633
2011-11-16,4,0,11,0,2,1,2,0.3136,0.7608,0.7366,0.3234,543,2955,1461
2011-11-17,4,0,11,0,3,1,1,0.919,0.5477,0.237,0.2944,392,1441,948
2011-11-18,4,0,11,0,4,1,3,0.1598,0.3958,0.274,0.1342,723,2536,4377
2011-11-19,4,0,11,0,5,1,1,0.7382,0.5499,0.8022,0.3369,634,2313,2258
2011-11-20,4,0,11,0,6,1,1,0.6149,0.3794,0.3446,0.4533,901,3561,1174
2011-11-21,4,0,11,0,0,1,1,0.7879,0.7153,0.2125,0.1559,781,2894,5723
2011-11-22,4,0,11,0,1,0,4,0.047,0.4414,0.9004,0.4277,775,4867,2419
2011-11-23,4,0,11,0,2,1,3,0.0934,0.7639,0.8848,0.3446,869,1784,1530
2011-11-24,4,0,11,0,3,0,1,0.0855,0.4626,0.3604,0.0366,458,895,4608
2011-11-25,4,0,11,0,4,1,2,0.5774,0.5785,0.7986,0.2038,214,4263,5282
2011-11-26,4,0,11,0,5,0,2,0.5868,0.8383,0.2274,0.2688,284,4749,1083
2011-11-27,4,0,11,0,6,1,1,0.8717,0.1832,0.4123,0.3785,526,1590,4512
2011-11-28,4,0,11,0,0,1,1,0.4595,0.6373,0.6765,0.1607,665,3388,957
2011-11-29,4,0,11,0,1,1,3,0.084,0.1769,0.7853,0.5015,916,2222,5080
2011-11-30,4,0,11,0,2,0,1,0.217,0.7159,0.1981,0.3554,445,4943,853
2011-12-01,4,0,12,0,3,1,1,0.0276,0.5293,0.4444,0.2027,880,4506,4594
2011-12-02,4,0,12,0,4,0,1,0.7501,0.7924,0.3572,0.0675,970,1586,1434
2011-12-03,4,0,12,0,5,1,1,0.7867,0.7368,0.969,0.1089,708,1804,1790
2011-12-04,4,0,12,0,6,1,2,0.9581,0.1277,0.7134,0.2589,886,3612,2303
2011-12-05,4,0,12,0,0,1,1,0.4075,0.1757,0.5064,0.2624,118,1514,5491
2011-12-06,4,0,12,1,1,1,1,0.0381,0.5329,0.249,0.3962,49,4872,5164
2011-12-07,4,0,12,0,2,1,1,0.2406,0.4691,0.657,0.3758,310,720,1092
2011-12-08,4,0,12,0,3,0,1,0.5725,0.1998,0.6905,0.1186,594,4305,5615
2011-12-09,4,0,12,0,4,1,1,0.9242,0.1696,0.8268,0.3115,506,1626,4009
2011-12-10,4,0,12,1,5,1,3,0.1174,0.5043,0.4151,0.0301,425,3756,4746
2011-12-11,4,0,12,0,6,1,1,0.1343,0.1077,0.9555,0.2153,958,2430,3727
2011-12-12,4,0,12,0,0,1,2,0.6797,0.7428,0.5328,0.3944,47,2622,2720
2011-12-13,4,0,12,0,1,0,1,0.6472,0.6915,0.4208,0.2158,165,972,4465
2011-12-14,4,0,12,0,2,1,2,0.2555,0.6747,0.4618,0.4294,307,915,651
2011-12-15,4,0,12,0,3,1,1,0.7844,0.0823,0.5953,0.4983,600,2368,861
2011-12-16,4,0,12,0,4,1,2,0.1411,0.1067,0.9206,0.3175,969,4612,3602
2011-12-17,4,0,12,0,5,1,2,0.8902,0.4934,0.7634,0.0911,271,2033,2508
2011-12-18,4,0,12,0,6,1,1,0.209,0.8357,0.6401,0.206,181,1962,4246
2011-12-19,4,0,12,0,0,1,1,0.0965,0.3336,0.317,0.0246,946,2365,2977
2011-12-20,4,0,12,0,1,1,2,0.3392,0.3352,0.3065,0.3153,129,4509,3994
2011-12-21,4,0,12,0,2,1,1,0.1966,0.1734,0.5817,0.4226,884,3630,4936
2011-12-22,4,0,12,0,3,0,2,0.5153,0.5892,0.7584,0.3287,663,2236,2225
2011-12-23,4,0,12,0,4,0,1,0.6656,0.5679,0.7758,0.4052,417,3686,1828
2011-12-24,4,0,12,0,5,1,2,0.4815,0.148,0.3662,0.412,290,971,4986
2011-12-25,4,0,12,0,6,1,2,0.641,0.4299,0.2681,0.437,207,3677,1989
2011-12-26,4,0,12,0,0,1,1,0.363,0.5836,0.4899,0.1507,551,3426,2087
2011-12-27,4,0,12,0,1,1,2,0.0462,0.45,0.9062,0.4469,295,3365,1516
2011-12-28,4,0,12,0,2,1,1,0.9356,0.5893,0.6154,0.3405,708,3697,2741
2011-12-29,4,0,12,0,3,0,1,0.7902,0.6985,0.4397,0.162,630,2961,1310
2011-12-30,4,0,12,0,4,1,1,0.089,0.5981,0.4424,0.5038,266,4081,2486
2011-12-31,4,0,12,0,5,0,2,0.4422,0.5444,0.293,0.4856,343,1000,2816
2012-01-01,1,1,1,0,6,1,1,0.6169,0.7273,0.5591,0.3015,37,620,1920
2012-01-02,1,1,1,0,0,0,3,0.1992,0.7635,0.8073,0.4332,427,2275,3163
2012-01-03,1,1,1,0,1,1,2,0.5633,0.3694,0.9455,0.1481,430,1106,5045
2012-01-04,1,1,1,0,2,1,1,0.5216,0.2034,0.5812,0.2239,820,4945,5431
2012-01-05,1,1,1,1,3,1,2,0.2158,0.6998,0.3204,0.1101,144,1319,3226
2012-01-06,1,1,1,0,4,1,1,0.1527,0.2346,0.7227,0.2749,339,3764,1000
2012-01-07,1,1,1,0,5,0,2,0.7334,0.7853,0.7803,0.263,172,1283,1350
2012-01-08,1,1,1,1,6,0,1,0.3232,0.0876,0.2459,0.1243,600,2346,5516
2012-01-09,1,1,1,0,0,1,2,0.2494,0.7794,0.8531,0.3497,677,891,2487
2012-01-10,1,1,1,0,1,1,2,0.7136,0.5237,0.8369,0.0777,576,4245,4285
2012-01-11,1,1,1,0,2,1,2,0.7119,0.6666,0.5586,0.0502,897,1632,2018
2012-01-12,1,1,1,0,3,0,1,0.2798,0.3768,0.6271,0.2086,39,3476,3203
2012-01-13,1,1,1,0,4,1,1,0.8402,0.8336,0.7465,0.2208,822,3017,5838
2012-01-14,1,1,1,0,5,1,1,0.667,0.2452,0.7179,0.1767,266,4945,4371
2012-01-15,1,1,1,0,6,1,1,0.345,0.2735,0.2029,0.1464,409,2696,5700
2012-01-16,1,1,1,0,0,1,1,0.4218,0.1096,0.2855,0.186,366,3960,5661
2012-01-17,1,1,1,0,1,1,2,0.7031,0.7942,0.3168,0.1001,495,4939,5710
2012-01-18,1,1,1,0,2,0,2,0.2189,0.4211,0.7794,0.2177,222,1176,5909
2012-01-19,1,1,1,0,3,0,1,0.4606,0.5896,0.5333,0.4633,28,1094,2618
2012-01-20,1,1,1,0,4,1,1,0.6343,0.5993,0.6155,0.13,711,4384,2636
2012-01-21,1,1,1,0,5,1,2,0.5271,0.7434,0.7927,0.3554,687,3651,2245
2012-01-22,1,1,1,0,6,0,3,0.5918,0.582,0.456,0.0895,550,3824,4087
2012-01-23,1,1,1,0,0,1,1,0.5334,0.5028,0.7741,0.1934,122,3434,1413
2012-01-24,1,1,1,0,1,1,1,0.2073,0.6169,0.535,0.1774,265,4833,5333
2012-01-25,1,1,1,0,2,1,2,0.4056,0.6482,0.4842,0.4791,616,3485,3769
2012-01-26,1,1,1,0,3,0,2,0.5201,0.2132,0.4498,0.2297,338,2863,1623
2012-01-27,1,1,1,0,4,1,1,0.7533,0.1544,0.9427,0.3583,370,1339,2109
2012-01-28,1,1,1,0,5,1,2,0.6347,0.1276,0.7921,0.3152,253,3010,2638
2012-01-29,1,1,1,0,6,0,2,0.421,0.358,0.2058,0.0891,666,4269,1993
2012-01-30,1,1,1,0,0,1,1,0.9359,0.4535,0.9368,0.4804,56,3387,5839
2012-01-31,1,1,1,0,1,1,2,0.1213,0.5441,0.7948,0.1895,364,3543,2946
2012-02-01,1,1,2,0,2,1,1,0.2144,0.8077,0.3064,0.0419,623,2131,1455
2012-02-02,1,1,2,0,3,1,2,0.3408,0.3247,0.2495,0.1672,311,1905,1766
2012-02-03,1,1,2,0,4,1,2,0.2349,0.6559,0.4304,0.1845,36,4745,3354
2012-02-04,1,1,2,0,5,1,1,0.6079,0.4791,0.6769,0.0654,109,2989,2265
2012-02-05,1,1,2,0,6,1,2,0.0572,0.2395,0.6709,0.3238,367,4990,4638
2012-02-06,1,1,2,0,0,1,2,0.1868,0.5438,0.4052,0.1899,696,3936,2572
2012-02-07,1,1,2,0,1,0,3,0.2957,0.8147,0.5376,0.3283,996,505,4287
2012-02-08,1,1,2,0,2,0,1,0.6623,0.1657,0.3553,0.0233,463,3081,1716
2012-02-09,1,1,2,0,3,1,1,0.8433,0.4606,0.2295,0.5012,272,719,3968
2012-02-10,1,1,2,0,4,1,3,0.7706,0.1097,0.5932,0.1036,836,3418,5142
2012-02-11,1,1,2,0,5,1,2,0.1912,0.3173,0.4607,0.3431,612,511,1333
2012-02-12,1,1,2,0,6,0,3,0.5515,0.5479,0.6134,0.3707,203,3342,4383
2012-02-13,1,1,2,0,0,1,1,0.0482,0.7176,0.9283,0.1041,309,957,3521
2012-02-14,1,1,2,0,1,1,1,0.3119,0.6324,0.3018,0.0747,780,2772,3929
2012-02-15,1,1,2,0,2,1,1,0.7776,0.4264,0.1915,0.0948,234,666,5217
2012-02-16,1,1,2,0,3,0,2,0.4493,0.7701,0.25,0.1409,177,2473,2306
2012-02-17,1,1,2,0,4,0,3,0.1609,0.3031,0.5509,0.1024,942,2444,4098
2012-02-18,1,1,2,0,5,0,2,0.4322,0.6506,0.7414,0.3503,710,2695,1724
2012-02-19,1,1,2,0,6,1,1,0.2062,0.435,0.643,0.2262,412,4631,5317
2012-02-20,1,1,2,0,0,1,1,0.3896,0.7619,0.576,0.2835,39,4328,5454
2012-02-21,1,1,2,0,1,0,2,0.4786,0.684,0.4661,0.0432,490,739,2458
2012-02-22,1,1,2,0,2,1,2,0.3486,0.7641,0.4318,0.442,450,1416,2891
2012-02-23,1,1,2,0,3,1,2,0.9008,0.235,0.4835,0.1036,678,3452,3113
2012-02-24,1,1,2,0,4,0,1,0.5488,0.5845,0.6671,0.1965,87,3938,5560
2012-02-25,1,1,2,0,5,1,1,0.8123,0.6386,0.3208,0.0552,96,1355,4115
2012-02-26,1,1,2,0,6,1,1,0.7351,0.6417,0.7917,0.087,121,3164,2600
2012-02-27,1,1,2,0,0,1,2,0.6415,0.4581,0.6387,0.3462,671,3738,2397
2012-02-28,1,1,2,0,1,1,1,0.4871,0.0787,0.3999,0.3594,912,1053,2916
2012-02-29,1,1,2,0,2,1,3,0.022,0.2713,0.5809,0.3517,604,3313,3180
2012-03-01,1,1,3,0,3,0,2,0.5967,0.3189,0.941,0.2905,226,2385,2614
2012-03-02,1,1,3,0,4,0,1,0.3546,0.7261,0.206,0.4867,232,3445,2767
2012-03-03,1,1,3,0,5,0,1,0.1307,0.7175,0.3456,0.2685,98,1728,3628
2012-03-04,1,1,3,0,6,1,3,0.4379,0.1506,0.5397,0.2402,132,694,2547
2012-03-05,1,1,3,0,0,0,1,0.7114,0.8014,0.688,0.1413,784,4187,1743
2012-03-06,1,1,3,0,1,0,1,0.924,0.2105,0.3555,0.0684,152,1925,5405
2012-03-07,1,1,3,0,2,1,3,0.3717,0.3891,0.9165,0.2886,216,4319,4831
2012-03-08,1,1,3,0,3,1,2,0.5302,0.2357,0.6912,0.1743,44,3193,3748
2012-03-09,1,1,3,0,4,0,2,0.8202,0.7325,0.8744,0.2768,491,4253,1535
2012-03-10,1,1,3,0,5,0,1,0.334,0.647,0.4469,0.121,632,2471,3757
2012-03-11,1,1,3,0,6,1,2,0.1537,0.3422,0.8366,0.4307,776,999,600
2012-03-12,1,1,3,0,0,1,1,0.285,0.595,0.485,0.5099,562,4614,676
2012-03-13,1,1,3,0,1,1,1,0.8652,0.212,0.3871,0.178,961,4273,5656
2012-03-14,1,1,3,0,2,1,1,0.1698,0.3644,0.9011,0.4327,309,4147,3228
2012-03-15,1,1,3,0,3,0,1,0.3295,0.3604,0.2619,0.4478,275,3366,2795
2012-03-16,1,1,3,0,4,0,3,0.4568,0.2532,0.9255,0.5081,956,1186,1173
2012-03-17,1,1,3,0,5,0,2,0.8163,0.7448,0.5476,0.1879,225,2567,2148
2012-03-18,1,1,3,0,6,0,2,0.9015,0.5927,0.9642,0.3905,494,4421,785
2012-03-19,1,1,3,0,0,1,3,0.4203,0.2856,0.6109,0.1321,87,947,5217
2012-03-20,1,1,3,0,1,1,1,0.896,0.2564,0.7808,0.3262,234,2266,4442
2012-03-21,1,1,3,0,2,1,1,0.1718,0.0838,0.1955,0.3654,653,1624,4092
2012-03-22,1,1,3,0,3,1,2,0.1674,0.3369,0.5774,0.3831,441,793,2843
2012-03-23,1,1,3,0,4,0,2,0.9123,0.4756,0.7652,0.1215,577,4660,633
2012-03-24,1,1,3,0,5,0,2,0.4991,0.2838,0.8006,0.4359,600,3046,2220
2012-03-25,1,1,3,0,6,1,1,0.1948,0.6094,0.3133,0.2263,558,575,2496
2012-03-26,1,1,3,0,0,1,1,0.4787,0.387,0.5168,0.126,702,4275,3055
2012-03-27,1,1,3,0,1,1,1,0.7562,0.3136,0.5169,0.2858,776,3182,2400
2012-03-28,1,1,3,0,2,1,1,0.7973,0.7931,0.2708,0.443,481,3696,5232
2012-03-29,1,1,3,0,3,1,1,0.8321,0.2724,0.5356,0.4939,474,2574,2683
2012-03-30,1,1,3,0,4,0,1,0.5554,0.3767,0.8195,0.3866,320,1799,5983
2012-03-31,1,1,3,0,5,0,1,0.8349,0.3644,0.4241,0.0228,805,3227,2005
2012-04-01,2,1,4,0,6,0,1,0.4994,0.2557,0.5274,0.086,307,4678,4288
2012-04-02,2,1,4,0,0,1,3,0.5906,0.2375,0.9395,0.0574,780,4034,3252
2012-04-03,2,1,4,0,1,0,3,0.7332,0.3028,0.2147,0.0696,21,2553,5138
2012-04-04,2,1,4,0,2,1,2,0.4199,0.7355,0.6514,0.2077,956,2199,1786
2012-04-05,2,1,4,0,3,1,3,0.0892,0.6607,0.7699,0.1859,39,4963,4733
2012-04-06,2,1,4,0,4,1,4,0.3492,0.5944,0.7835,0.0757,496,3018,2739
2012-04-07,2,1,4,0,5,0,1,0.6065,0.422,0.7484,0.4523,973,2237,3278
2012-04-08,2,1,4,0,6,1,1,0.2008,0.461,0.7566,0.3216,510,2430,4394
2012-04-09,2,1,4,0,0,1,3,0.1595,0.2757,0.236,0.4103,825,869,3319
2012-04-10,2,1,4,0,1,0,2,0.2955,0.1272,0.6066,0.2021,276,4239,5202
2012-04-11,2,1,4,0,2,0,1,0.0502,0.3249,0.8007,0.221,472,4873,2826
2012-04-12,2,1,4,0,3,1,2,0.7188,0.4516,0.2634,0.1756,457,839,2931
2012-04-13,2,1,4,0,4,0,1,0.2632,0.1141,0.1994,0.2348,780,3362,4623
2012-04-14,2,1,4,0,5,1,1,0.1368,0.1379,0.8254,0.3191,417,1113,5050
2012-04-15,2,1,4,0,6,1,1,0.6772,0.2725,0.7456,0.2616,172,1603,3968
2012-04-16,2,1,4,0,0,0,1,0.8124,0.3527,0.5115,0.4306,668,4277,4557
2012-04-17,2,1,4,0,1,1,1,0.0387,0.3729,0.9235,0.4611,241,1292,1087
2012-04-18,2,1,4,0,2,1,3,0.2396,0.1608,0.7879,0.2501,742,566,5701
2012-04-19,2,1,4,0,3,0,1,0.9085,0.2439,0.9449,0.1375,720,4810,878
2012-04-20,2,1,4,0,4,0,1,0.3821,0.2715,0.9149,0.4831,455,4295,3191
2012-04-21,2,1,4,0,5,1,1,0.9023,0.1221,0.5654,0.3802,763,1070,1249
2012-04-22,2,1,4,0,6,0,2,0.2778,0.3211,0.7787,0.3337,155,1039,3578
2012-04-23,2,1,4,0,0,0,4,0.225,0.1256,0.712,0.3853,547,616,954
2012-04-24,2,1,4,0,1,0,1,0.2213,0.6117,0.8229,0.0572,645,2698,2842
2012-04-25,2,1,4,0,2,0,1,0.1001,0.3673,0.8044,0.0531,795,3531,5499
2012-04-26,2,1,4,0,3,1,1,0.8626,0.3216,0.3095,0.095,298,3956,3080
2012-04-27,2,1,4,0,4,1,2,0.941,0.1674,0.3723,0.0923,604,3551,1157
2012-04-28,2,1,4,0,5,1,1,0.9172,0.2444,0.3973,0.2261,755,2981,5746
2012-04-29,2,1,4,0,6,1,1,0.8209,0.2492,0.8284,0.0971,504,2867,4086
2012-04-30,2,1,4,0,0,1,1,0.8161,0.8286,0.8224,0.4387,565,2134,761
2012-05-01,2,1,5,0,1,0,1,0.6414,0.7132,0.5764,0.3033,264,741,1298
2012-05-02,2,1,5,0,2,0,3,0.7966,0.0818,0.643,0.2004,769,964,2573
2012-05-03,2,1,5,0,3,1,1,0.2158,0.545,0.835,0.0541,37,2750,4144
2012-05-04,2,1,5,0,4,1,1,0.3846,0.2671,0.4338,0.3096,896,2378,4377
2012-05-05,2,1,5,0,5,1,2,0.6224,0.1504,0.2291,0.0771,575,3034,2805
2012-05-06,2,1,5,0,6,0,2,0.8423,0.6133,0.5664,0.3842,162,2405,1091
2012-05-07,2,1,5,0,0,0,1,0.6408,0.1713,0.9027,0.4134,520,4309,2592
2012-05-08,2,1,5,0,1,1,3,0.8087,0.4117,0.8066,0.2865,546,1071,1632
2012-05-09,2,1,5,0,2,1,2,0.4655,0.5568,0.476,0.0933,112,3208,3883
2012-05-10,2,1,5,0,3,1,1,0.6943,0.497,0.2405,0.4056,402,4141,4110
2012-05-11,2,1,5,0,4,0,1,0.9412,0.8228,0.6868,0.1708,908,4004,5519
2012-05-12,2,1,5,0,5,1,1,0.1643,0.675,0.8409,0.1291,298,4119,5374
2012-05-13,2,1,5,0,6,0,1,0.8913,0.6661,0.7087,0.2506,746,1156,1385
2012-05-14,2,1,5,0,0,0,1,0.511,0.3438,0.5216,0.4721,468,3651,2433
2012-05-15,2,1,5,0,1,1,2,0.6246,0.0765,0.2862,0.1657,780,1448,1591
2012-05-16,2,1,5,1,2,1,2,0.8452,0.6355,0.9004,0.4637,602,4610,4806
2012-05-17,2,1,5,0,3,1,1,0.4051,0.8398,0.4052,0.0463,640,3522,2383
2012-05-18,2,1,5,0,4,1,1,0.4136,0.3825,0.3649,0.0609,307,806,5784
2012-05-19,2,1,5,0,5,1,2,0.5156,0.8288,0.8265,0.3623,495,1204,1784
2012-05-20,2,1,5,0,6,1,2,0.038,0.1791,0.9554,0.1134,901,4992,3061
2012-05-21,2,1,5,0,0,0,2,0.4869,0.2983,0.7049,0.1751,691,1177,2268
2012-05-22,2,1,5,0,1,1,1,0.2936,0.2015,0.6774,0.0868,820,3412,2913
2012-05-23,2,1,5,0,2,1,2,0.8923,0.4359,0.4392,0.1828,190,4493,1171
2012-05-24,2,1,5,0,3,0,1,0.1025,0.6837,0.2059,0.1574,544,710,4900
2012-05-25,2,1,5,0,4,1,2,0.4518,0.3323,0.3396,0.3808,391,4994,4338
2012-05-26,2,1,5,0,5,1,1,0.9106,0.7678,0.6459,0.364,751,1896,1183
2012-05-27,2,1,5,0,6,1,1,0.867,0.4895,0.308,0.4879,412,3960,2820
2012-05-28,2,1,5,0,0,1,1,0.6793,0.4284,0.8794,0.375,977,4853,907
2012-05-29,2,1,5,0,1,0,3,0.574,0.676,0.3368,0.3605,204,2662,5145
2012-05-30,2,1,5,0,2,1,2,0.2839,0.1481,0.5972,0.3602,529,4929,661
2012-05-31,2,1,5,0,3,1,3,0.3649,0.6658,0.5894,0.4527,451,4944,5170
2012-06-01,2,1,6,0,4,0,1,0.1047,0.2571,0.6611,0.1652,958,2780,4388
2012-06-02,2,1,6,0,5,1,2,0.7589,0.2862,0.4454,0.167,854,3648,2733
2012-06-03,2,1,6,0,6,1,1,0.3244,0.5316,0.8714,0.3832,228,4580,2559
2012-06-04,2,1,6,0,0,0,2,0.6477,0.7645,0.5366,0.1321,819,1327,5726
2012-06-05,2,1,6,0,1,1,2,0.3561,0.5154,0.7361,0.4669,348,3155,2632
2012-06-06,2,1,6,0,2,1,2,0.4565,0.5697,0.686,0.282,380,2645,4362
2012-06-07,2,1,6,0,3,0,2,0.5417,0.668,0.2814,0.1671,463,4201,3386
2012-06-08,2,1,6,0,4,1,2,0.7737,0.2697,0.6757,0.4003,916,999,2142
2012-06-09,2,1,6,0,5,1,3,0.2185,0.707,0.6195,0.173,460,3178,2275
2012-06-10,2,1,6,0,6,0,1,0.3948,0.3918,0.8909,0.492,388,1561,5221
2012-06-11,2,1,6,0,0,1,2,0.1423,0.2053,0.8771,0.5017,125,3996,633
2012-06-12,2,1,6,0,1,0,3,0.0912,0.3396,0.3077,0.3467,743,4722,4561
2012-06-13,2,1,6,0,2,0,2,0.5884,0.2595,0.2537,0.0757,344,1626,3399
2012-06-14,2,1,6,0,3,0,2,0.1977,0.2461,0.4198,0.149,251,2489,2455
2012-06-15,2,1,6,0,4,1,1,0.0762,0.2876,0.9596,0.2726,744,3024,4280
2012-06-16,2,1,6,0,5,1,1,0.8633,0.2093,0.2068,0.4372,856,3800,3285
2012-06-17,2,1,6,0,6,1,2,0.5223,0.5841,0.7149,0.1106,727,3270,1657
2012-06-18,2,1,6,0,0,0,1,0.1466,0.5166,0.6646,0.0712,268,4680,5101
2012-06-19,2,1,6,0,1,1,1,0.0702,0.5693,0.6943,0.0565,336,1882,5737
2012-06-20,2,1,6,0,2,0,3,0.1327,0.3347,0.3603,0.2684,283,4667,3561
2012-06-21,2,1,6,0,3,0,1,0.4631,0.6627,0.3668,0.4535,748,3666,4988
2012-06-22,2,1,6,0,4,0,1,0.6484,0.1698,0.5259,0.0408,522,3135,3227
2012-06-23,2,1,6,0,5,0,2,0.6228,0.5098,0.2648,0.124,282,1529,4420
2012-06-24,2,1,6,0,6,1,1,0.1558,0.2821,0.2482,0.3597,952,2118,3757
2012-06-25,2,1,6,0,0,0,1,0.6155,0.4763,0.2589,0.4247,701,4747,4243
2012-06-26,2,1,6,0,1,0,1,0.4006,0.3192,0.6369,0.4156,435,4128,4362
2012-06-27,2,1,6,0,2,1,1,0.4569,0.6787,0.5002,0.4047,932,1735,2731
2012-06-28,2,1,6,0,3,0,1,0.7733,0.7563,0.419,0.0836,687,3130,1206
2012-06-29,2,1,6,0,4,1,3,0.3325,0.6418,0.4363,0.2146,89,4483,2955
2012-06-30,2,1,6,0,5,1,1,0.1582,0.2052,0.3517,0.5025,253,1905,2899
2012-07-01,3,1,7,0,6,1,1,0.841,0.2816,0.511,0.5046,451,4737,4516
2012-07-02,3,1,7,0,0,1,3,0.2194,0.7779,0.3484,0.3152,73,2047,4875
2012-07-03,3,1,7,0,1,1,2,0.2964,0.4067,0.7345,0.3675,189,2384,1933
2012-07-04,3,1,7,0,2,0,1,0.6842,0.7947,0.2867,0.4861,55,2684,4608
2012-07-05,3,1,7,0,3,1,2,0.6625,0.3722,0.9296,0.2405,853,718,3073
2012-07-06,3,1,7,0,4,1,2,0.7724,0.8029,0.2601,0.0871,946,4850,4157
2012-07-07,3,1,7,0,5,1,2,0.1928,0.7828,0.9259,0.3478,980,1311,4333
2012-07-08,3,1,7,0,6,1,2,0.3511,0.5786,0.84,0.4905,278,769,2686
2012-07-09,3,1,7,0,0,0,1,0.1383,0.0768,0.721,0.3616,270,3705,3950
2012-07-10,3,1,7,0,1,0,1,0.5286,0.3783,0.9016,0.4136,32,1686,5511
2012-07-11,3,1,7,0,2,0,2,0.295,0.7717,0.2986,0.2271,690,2233,975
2012-07-12,3,1,7,0,3,1,2,0.6676,0.7515,0.3275,0.0673,560,3467,2552
2012-07-13,3,1,7,0,4,1,2,0.0203,0.2143,0.3867,0.1028,76,572,4310
2012-07-14,3,1,7,0,5,1,1,0.0761,0.3774,0.381,0.5015,180,4561,2688
2012-07-15,3,1,7,0,6,0,1,0.4266,0.7133,0.4325,0.2617,456,1130,2293
2012-07-16,3,1,7,0,0,0,3,0.9207,0.515,0.639,0.0259,797,3342,4155
2012-07-17,3,1,7,0,1,1,1,0.8574,0.7224,0.212,0.4881,249,1377,4880
2012-07-18,3,1,7,0,2,1,1,0.9544,0.7065,0.4882,0.2639,850,1256,671
2012-07-19,3,1,7,0,3,0,2,0.4118,0.7688,0.3822,0.4298,860,3165,2374
2012-07-20,3,1,7,1,4,0,1,0.0638,0.1603,0.6632,0.2887,212,4793,1173
2012-07-21,3,1,7,0,5,1,1,0.3076,0.1818,0.9584,0.0698,639,1950,5264
2012-07-22,3,1,7,0,6,0,2,0.6552,0.1338,0.5938,0.3216,376,3040,5659
2012-07-23,3,1,7,1,0,1,2,0.1471,0.7902,0.522,0.5087,371,581,5962
2012-07-24,3,1,7,0,1,1,1,0.302,0.4359,0.4772,0.037,884,1831,4666
2012-07-25,3,1,7,0,2,1,3,0.0728,0.1195,0.8023,0.4325,277,2222,4307
2012-07-26,3,1,7,0,3,1,1,0.4665,0.3176,0.2461,0.1354,641,856,752
2012-07-27,3,1,7,0,4,1,2,0.2164,0.3406,0.9386,0.213,661,1819,5974
2012-07-28,3,1,7,0,5,0,1,0.1058,0.6934,0.516,0.2026,654,1079,1328
2012-07-29,3,1,7,0,6,1,1,0.4065,0.6363,0.4347,0.4604,984,4895,2879
2012-07-30,3,1,7,0,0,1,2,0.3502,0.6008,0.9498,0.2672,989,1145,2152
2012-07-31,3,1,7,0,1,1,1,0.5253,0.0868,0.92,0.2391,647,2733,4263
2012-08-01,3,1,8,0,2,1,2,0.7241,0.7712,0.6907,0.4208,761,3131,4167
2012-08-02,3,1,8,0,3,0,1,0.1258,0.236,0.2044,0.044,312,3799,4871
2012-08-03,3,1,8,0,4,0,1,0.7637,0.5544,0.7739,0.0624,405,807,4944
2012-08-04,3,1,8,0,5,1,2,0.0447,0.1176,0.4517,0.0306,764,733,3706
2012-08-05,3,1,8,0,6,1,2,0.4365,0.1328,0.4929,0.3571,848,1534,5496
2012-08-06,3,1,8,0,0,1,1,0.5722,0.0774,0.3138,0.2776,253,2722,1599
2012-08-07,3,1,8,0,1,1,3,0.9196,0.5058,0.5983,0.4493,315,3320,5621
2012-08-08,3,1,8,0,2,1,1,0.5595,0.5546,0.7708,0.2643,722,2235,1734
2012-08-09,3,1,8,0,3,1,1,0.1692,0.1089,0.4029,0.1287,556,4777,5342
2012-08-10,3,1,8,0,4,0,1,0.5065,0.2937,0.9222,0.4145,398,1441,3745
2012-08-11,3,1,8,0,5,1,1,0.392,0.7256,0.3419,0.1642,697,849,3315
2012-08-12,3,1,8,0,6,1,1,0.4706,0.148,0.2417,0.4785,824,3186,953
2012-08-13,3,1,8,0,0,0,2,0.2053,0.2367,0.6926,0.1427,229,1905,5993
2012-08-14,3,1,8,0,1,1,2,0.4908,0.3968,0.8525,0.1022,558,4127,5638
2012-08-15,3,1,8,0,2,1,1,0.161,0.7186,0.9334,0.2617,871,2045,1902
2012-08-16,3,1,8,0,3,1,3,0.7194,0.2662,0.7884,0.0448,197,4820,4682
2012-08-17,3,1,8,0,4,1,1,0.5783,0.8378,0.3457,0.0378,949,2251,4331
2012-08-18,3,1,8,0,5,1,1,0.0938,0.3436,0.9526,0.263,575,2246,5221
2012-08-19,3,1,8,0,6,1,1,0.8562,0.3676,0.9072,0.1254,91,4881,1109
2012-08-20,3,1,8,0,0,0,1,0.5994,0.164,0.3173,0.0246,919,1854,2137
2012-08-21,3,1,8,0,1,1,2,0.3171,0.5938,0.6259,0.1651,527,4132,777
2012-08-22,3,1,8,0,2,1,1,0.0629,0.2575,0.6233,0.2539,241,4788,2976
2012-08-23,3,1,8,0,3,1,2,0.6143,0.5542,0.5352,0.2132,967,1668,1400
2012-08-24,3,1,8,0,4,1,2,0.371,0.2418,0.9577,0.0864,842,4544,3843
2012-08-25,3,1,8,0,5,1,2,0.8732,0.3687,0.2365,0.304,247,3085,4266
2012-08-26,3,1,8,0,6,0,2,0.0528,0.7296,0.6792,0.3681,860,1400,1537
2012-08-27,3,1,8,0,0,0,1,0.0568,0.639,0.3501,0.351,252,3841,3627
2012-08-28,3,1,8,0,1,1,1,0.9123,0.189,0.6013,0.2129,287,4646,2620
2012-08-29,3,1,8,0,2,1,2,0.927,0.5379,0.7982,0.0874,929,627,3382
2012-08-30,3,1,8,0,3,1,1,0.0461,0.5541,0.3824,0.2647,273,2175,4140
2012-08-31,3,1,8,0,4,1,1,0.6931,0.1397,0.4968,0.4563,694,2277,2574
2012-09-01,3,1,9,0,5,1,2,0.2282,0.4287,0.9316,0.2497,25,733,2118
2012-09-02,3,1,9,0,6,1,1,0.6793,0.2707,0.784,0.1159,66,2995,3269
2012-09-03,3,1,9,0,0,0,2,0.8366,0.4297,0.6367,0.0656,426,1083,1858
2012-09-04,3,1,9,0,1,1,1,0.1148,0.6683,0.3632,0.4825,902,1966,3710
2012-09-05,3,1,9,0,2,0,3,0.2444,0.1919,0.5217,0.3841,599,1002,1842
2012-09-06,3,1,9,0,3,0,2,0.0426,0.1649,0.7938,0.1734,273,4880,5936
2012-09-07,3,1,9,0,4,1,1,0.0612,0.2774,0.83,0.1647,468,1655,3353
2012-09-08,3,1,9,0,5,1,2,0.0478,0.8033,0.3808,0.4587,78,1999,3275
2012-09-09,3,1,9,0,6,1,2,0.7726,0.6458,0.7064,0.107,412,1435,4272
2012-09-10,3,1,9,0,0,0,2,0.3004,0.085,0.2641,0.2822,650,3091,1019
2012-09-11,3,1,9,0,1,0,2,0.4836,0.3788,0.2081,0.3696,717,855,1252
2012-09-12,3,1,9,0,2,0,2,0.7606,0.2682,0.618,0.2142,579,2494,3471
2012-09-13,3,1,9,0,3,1,1,0.4852,0.5614,0.365,0.0396,210,1945,3845
2012-09-14,3,1,9,0,4,1,1,0.4234,0.4237,0.2516,0.1316,284,3159,5509
2012-09-15,3,1,9,0,5,1,3,0.0309,0.8127,0.7593,0.4619,703,3780,1467
2012-09-16,3,1,9,0,6,1,1,0.554,0.2386,0.5784,0.2763,577,4474,4808
2012-09-17,3,1,9,0,0,1,1,0.1373,0.5226,0.8111,0.4196,162,3004,3587
2012-09-18,3,1,9,0,1,1,1,0.7388,0.6092,0.7079,0.2923,265,2646,773
2012-09-19,3,1,9,0,2,0,3,0.2623,0.7057,0.7592,0.4824,235,1710,5706
2012-09-20,3,1,9,0,3,0,2,0.6537,0.3834,0.4297,0.4655,456,1129,5332
2012-09-21,3,1,9,0,4,1,2,0.6275,0.5989,0.3954,0.2566,707,3217,2159
2012-09-22,3,1,9,0,5,1,2,0.5997,0.3035,0.6587,0.176,859,1994,4727
2012-09-23,3,1,9,0,6,1,2,0.2709,0.4053,0.3461,0.3148,495,1607,5192
2012-09-24,3,1,9,0,0,1,2,0.2711,0.7596,0.826,0.3507,403,3577,2842
2012-09-25,3,1,9,0,1,0,1,0.8313,0.8014,0.5979,0.2642,957,3934,5223
2012-09-26,3,1,9,0,2,1,1,0.032,0.6235,0.3671,0.4229,897,3554,3088
2012-09-27,3,1,9,0,3,1,2,0.1906,0.3583,0.6776,0.1098,676,3315,2112
2012-09-28,3,1,9,0,4,1,1,0.5936,0.7014,0.9271,0.1839,566,4281,3371
2012-09-29,3,1,9,0,5,1,2,0.788,0.0899,0.254,0.3563,434,2535,2243
2012-09-30,3,1,9,0,6,0,2,0.3568,0.1491,0.2753,0.1409,151,669,623
2012-10-01,4,1,10,0,0,0,2,0.6342,0.5793,0.8482,0.2355,835,4331,2937
2012-10-02,4,1,10,0,1,0,1,0.5437,0.2943,0.2755,0.4922,417,2796,3543
2012-10-03,4,1,10,0,2,0,1,0.0807,0.8026,0.2207,0.3267,526,3287,4999
2012-10-04,4,1,10,0,3,0,2,0.6044,0.4058,0.4614,0.485,172,3815,5326
2012-10-05,4,1,10,0,4,1,1,0.7851,0.4006,0.554,0.374,833,1131,2316
2012-10-06,4,1,10,0,5,1,2,0.9529,0.5921,0.6342,0.3751,579,1304,4733
2012-10-07,4,1,10,0,6,1,2,0.0479,0.661,0.5857,0.31,187,3534,1344
2012-10-08,4,1,10,0,0,1,3,0.6405,0.4362,0.9023,0.0897,709,3587,4777
2012-10-09,4,1,10,0,1,0,2,0.4097,0.2348,0.7896,0.2747,794,4980,5837
2012-10-10,4,1,10,0,2,1,1,0.0292,0.6654,0.9574,0.1438,626,3912,649
2012-10-11,4,1,10,0,3,1,2,0.5975,0.3167,0.5616,0.5093,847,4369,3649
2012-10-12,4,1,10,0,4,0,1,0.1351,0.2048,0.2558,0.1508,822,1291,3342
2012-10-13,4,1,10,0,5,1,1,0.3759,0.5564,0.9353,0.133,249,4641,5825
2012-10-14,4,1,10,1,6,1,2,0.2657,0.1396,0.1932,0.3257,722,3051,4489
2012-10-15,4,1,10,1,0,1,2,0.3595,0.8179,0.7954,0.2704,423,4341,2222
2012-10-16,4,1,10,0,1,1,2,0.4831,0.5569,0.2144,0.0305,163,3714,3997
2012-10-17,4,1,10,0,2,0,1,0.3577,0.8291,0.7837,0.0835,937,3856,2387
2012-10-18,4,1,10,0,3,1,2,0.5396,0.3309,0.9216,0.4174,695,3072,3955
2012-10-19,4,1,10,0,4,0,1,0.2443,0.8178,0.4936,0.257,550,4404,1613
2012-10-20,4,1,10,0,5,0,2,0.6172,0.1821,0.378,0.0915,917,2594,753
2012-10-21,4,1,10,0,6,1,2,0.8225,0.1013,0.3665,0.248,87,1115,3501
2012-10-22,4,1,10,0,0,1,1,0.2306,0.0954,0.5735,0.144,117,4493,2914
2012-10-23,4,1,10,0,1,1,1,0.4974,0.428,0.3233,0.1296,26,4796,4056
2012-10-24,4,1,10,0,2,1,1,0.6298,0.1339,0.7149,0.4893,834,2801,2902
2012-10-25,4,1,10,0,3,1,3,0.5507,0.4644,0.4773,0.1974,196,2730,4866
2012-10-26,4,1,10,0,4,1,2,0.3637,0.3222,0.442,0.0428,225,2072,4613
2012-10-27,4,1,10,0,5,1,2,0.6237,0.3284,0.5498,0.4955,318,3528,1216
2012-10-28,4,1,10,0,6,1,2,0.0466,0.5594,0.6132,0.4095,819,3037,3649
2012-10-29,4,1,10,0,0,1,2,0.3677,0.1956,0.3007,0.1447,932,1004,5243
2012-10-30,4,1,10,0,1,1,2,0.5207,0.6602,0.7421,0.2204,248,2445,5904
2012-10-31,4,1,10,0,2,1,2,0.0394,0.5182,0.8787,0.4425,915,2361,2525
2012-11-01,4,1,11,0,3,0,1,0.4972,0.7745,0.4068,0.1951,650,4222,3057
2012-11-02,4,1,11,0,4,0,2,0.635,0.3509,0.3307,0.298,289,4183,2211
2012-11-03,4,1,11,0,5,1,2,0.7337,0.8267,0.7832,0.2821,100,903,4841
2012-11-04,4,1,11,0,6,1,1,0.1266,0.5134,0.3332,0.2166,691,4831,3709
2012-11-05,4,1,11,0,0,1,2,0.9511,0.8195,0.2222,0.3334,207,2119,3137
2012-11-06,4,1,11,0,1,1,2,0.5898,0.0908,0.673,0.2519,719,3406,4957
2012-11-07,4,1,11,0,2,0,1,0.3614,0.6305,0.377,0.0304,839,3513,5845
2012-11-08,4,1,11,0,3,1,1,0.2541,0.6988,0.324,0.419,520,4116,2227
2012-11-09,4,1,11,0,4,1,2,0.5585,0.1109,0.9557,0.0754,725,2069,5040
2012-11-10,4,1,11,0,5,1,3,0.8488,0.5158,0.4177,0.2474,506,4216,2598
2012-11-11,4,1,11,0,6,1,2,0.5093,0.6875,0.8947,0.3042,791,639,3526
2012-11-12,4,1,11,0,0,0,2,0.6418,0.502,0.329,0.3657,507,2343,1731
2012-11-13,4,1,11,0,1,1,1,0.3562,0.1191,0.8288,0.2213,497,3878,2592
2012-11-14,4,1,11,0,2,1,1,0.3849,0.604,0.5816,0.3804,722,3464,1113
2012-11-15,4,1,11,0,3,1,1,0.289,0.1167,0.2513,0.0844,308,3669,5640
2012-11-16,4,1,11,0,4,1,3,0.6833,0.6995,0.7622,0.3402,125,2672,1312
2012-11-17,4,1,11,0,5,1,3,0.3576,0.1031,0.8858,0.4249,660,3920,3761
2012-11-18,4,1,11,0,6,1,1,0.1993,0.1758,0.3172,0.4558,628,3543,814
2012-11-19,4,1,11,0,0,1,2,0.3672,0.2818,0.756,0.304,595,1749,1203
2012-11-20,4,1,11,0,1,0,2,0.8226,0.5577,0.5371,0.1733,659,3197,4369
2012-11-21,4,1,11,0,2,1,1,0.714,0.8218,0.778,0.1,242,3253,5467
2012-11-22,4,1,11,0,3,0,2,0.3346,0.1607,0.7469,0.1893,824,4934,1269
2012-11-23,4,1,11,0,4,1,2,0.8724,0.1799,0.2107,0.2846,993,4384,1680
2012-11-24,4,1,11,0,5,1,1,0.0903,0.354,0.3294,0.1162,401,594,5254
2012-11-25,4,1,11,0,6,1,3,0.0668,0.7139,0.5574,0.4867,857,4791,2025
2012-11-26,4,1,11,0,0,0,1,0.1398,0.4298,0.9182,0.4596,922,4787,2869
2012-11-27,4,1,11,0,1,0,1,0.1295,0.3176,0.4568,0.0361,123,2175,1074
2012-11-28,4,1,11,0,2,0,1,0.1026,0.5021,0.6805,0.2954,683,512,1731
2012-11-29,4,1,11,0,3,0,2,0.6417,0.2706,0.1994,0.4068,133,2801,1462
2012-11-30,4,1,11,1,4,0,1,0.5848,0.3789,0.7447,0.1402,527,4583,1411
2012-12-01,4,1,12,0,5,1,2,0.6287,0.3261,0.6604,0.2767,983,872,4872
2012-12-02,4,1,12,0,6,1,2,0.6671,0.6892,0.748,0.2189,74,4989,1086
2012-12-03,4,1,12,0,0,1,2,0.7315,0.7817,0.8956,0.1163,140,917,1291
2012-12-04,4,1,12,0,1,0,2,0.2147,0.6549,0.3043,0.3212,236,1316,3708
2012-12-05,4,1,12,0,2,1,1,0.605,0.4081,0.394,0.5069,654,2303,3222
2012-12-06,4,1,12,0,3,0,2,0.5652,0.4583,0.9667,0.199,22,4112,867
2012-12-07,4,1,12,1,4,0,1,0.907,0.1663,0.3119,0.2907,111,3904,1384
2012-12-08,4,1,12,0,5,1,2,0.2384,0.6451,0.7521,0.1806,426,3439,4473
2012-12-09,4,1,12,0,6,0,2,0.0752,0.5293,0.7556,0.4497,695,1832,3571
2012-12-10,4,1,12,0,0,1,3,0.6343,0.7649,0.7227,0.4437,460,3746,3001
2012-12-11,4,1,12,0,1,1,1,0.7158,0.2245,0.3674,0.1076,650,1255,5509
2012-12-12,4,1,12,0,2,1,2,0.2862,0.655,0.3578,0.461,451,4025,3941
2012-12-13,4,1,12,0,3,1,1,0.5566,0.5972,0.7097,0.0942,928,2296,3671
2012-12-14,4,1,12,0,4,0,1,0.076,0.2747,0.3353,0.0668,80,4469,2916
2012-12-15,4,1,12,0,5,1,1,0.9224,0.5839,0.706,0.3399,745,3559,5965
2012-12-16,4,1,12,0,6,0,1,0.1233,0.7818,0.5742,0.2091,492,2677,1801
2012-12-17,4,1,12,0,0,0,2,0.0835,0.7772,0.4916,0.2801,266,4056,5786
2012-12-18,4,1,12,0,1,0,2,0.0615,0.6241,0.4242,0.3398,766,2550,876
2012-12-19,4,1,12,0,2,0,1,0.4216,0.107,0.9291,0.0459,939,2489,5927
2012-12-20,4,1,12,0,3,1,2,0.1113,0.7416,0.5863,0.1635,958,1054,906
2012-12-21,4,1,12,0,4,1,1,0.72,0.5765,0.6278,0.2458,888,765,1230
2012-12-22,4,1,12,1,5,1,2,0.8649,0.309,0.9304,0.1506,391,1422,3185
2012-12-23,4,1,12,0,6,1,3,0.2646,0.2142,0.7,0.044,308,2571,1737
2012-12-24,4,1,12,0,0,1,2,0.611,0.1595,0.9371,0.0625,609,1033,2781
2012-12-25,4,1,12,0,1,1,1,0.0598,0.1087,0.273,0.4129,43,4483,2313
2012-12-26,4,1,12,0,2,1,2,0.3834,0.6507,0.8504,0.4666,425,2193,1648
2012-12-27,4,1,12,0,3,1,1,0.2954,0.2516,0.4516,0.0946,327,2551,2183
2012-12-28,4,1,12,0,4,1,2,0.2349,0.0887,0.8222,0.1421,632,4190,3951
2012-12-29,4,1,12,0,5,1,2,0.626,0.3759,0.8574,0.3396,391,3331,5508
2012-12-30,4,1,12,0,6,1,2,0.1424,0.4416,0.4018,0.4876,782,4827,2434
